{"cameraMode":{"drawMode":0,"name":"Shaded","section":"Shading Mode"},"sceneLighting":false,"audioPlay":false,"sceneViewState":{"m_AlwaysRefresh":false,"showFog":true,"showSkybox":false,"showFlares":true,"showImageEffects":true,"showParticleSystems":true,"showVisualEffectGraphs":true,"m_FxEnabled":true},"in2DMode":false,"pivot":{"x":-1.7105493545532227,"y":1.5040842294692994,"z":3.9557971954345705},"rotation":{"x":0.007579766679555178,"y":-0.9887669682502747,"z":0.05375126004219055,"w":0.13944584131240846},"size":8.9613618850708,"orthographic":false}