{"cameraMode":{"drawMode":0,"name":"Shaded","section":"Shading Mode"},"sceneLighting":false,"audioPlay":false,"sceneViewState":{"m_AlwaysRefresh":false,"showFog":true,"showSkybox":false,"showFlares":true,"showImageEffects":true,"showParticleSystems":true,"showVisualEffectGraphs":true,"m_FxEnabled":true},"in2DMode":false,"pivot":{"x":-0.0034292936325073244,"y":1.5003516674041749,"z":1.4992492198944092},"rotation":{"x":0.0025308183394372465,"y":0.6482842564582825,"z":-0.0021304339170455934,"w":0.7614274024963379},"size":2.1294896602630617,"orthographic":false}