{"cameraMode":{"drawMode":0,"name":"Shaded","section":"Shading Mode"},"sceneLighting":true,"audioPlay":false,"sceneViewState":{"m_AlwaysRefresh":false,"showFog":true,"showSkybox":true,"showFlares":true,"showImageEffects":true,"showParticleSystems":true,"showVisualEffectGraphs":true,"m_FxEnabled":true},"in2DMode":false,"pivot":{"x":-20.59096908569336,"y":3.0615310668945314,"z":0.004495622590184212},"rotation":{"x":0.1658991426229477,"y":-0.04486515372991562,"z":0.007543458603322506,"w":0.9852965474128723},"size":8.35619831085205,"orthographic":false}